,train,test
R2,0.1930245467789845,0.1276307884795328
mse,13693.234233416251,15276.411083458564
