,train,test
R2,0.4660456644167643,0.41070684312493977
mse,9060.45129118307,10319.351478948027
